{
  "id": "",
  "name": "",
  "font_family": "iconfont",
  "css_prefix_text": "icon-",
  "description": "",
  "glyphs": [
    {
      "icon_id": "2849",
      "name": "淘公仔",
      "font_class": "taogongzi",
      "unicode": "35ba",
      "unicode_decimal": 13754
    },
    {
      "icon_id": "29925",
      "name": "close",
      "font_class": "close",
      "unicode": "e646",
      "unicode_decimal": 58950
    },
    {
      "icon_id": "29947",
      "name": "search",
      "font_class": "search",
      "unicode": "e65c",
      "unicode_decimal": 58972
    },
    {
      "icon_id": "29952",
      "name": "unfold",
      "font_class": "unfold",
      "unicode": "e661",
      "unicode_decimal": 58977
    },
    {
      "icon_id": "30441",
      "name": "back",
      "font_class": "back",
      "unicode": "e679",
      "unicode_decimal": 59001
    },
    {
      "icon_id": "32305",
      "name": "right",
      "font_class": "right",
      "unicode": "e6a3",
      "unicode_decimal": 59043
    },
    {
      "icon_id": "33517",
      "name": "cart_fill",
      "font_class": "cartfill",
      "unicode": "e6b9",
      "unicode_decimal": 59065
    },
    {
      "icon_id": "212328",
      "name": "play_fill",
      "font_class": "playfill",
      "unicode": "e74f",
      "unicode_decimal": 59215
    },
    {
      "icon_id": "978679",
      "name": "引号",
      "font_class": "quotation",
      "unicode": "e67b",
      "unicode_decimal": 59003
    },
    {
      "icon_id": "1032410",
      "name": "星星",
      "font_class": "xingxing",
      "unicode": "e642",
      "unicode_decimal": 58946
    },
    {
      "icon_id": "1554897",
      "name": "菜单",
      "font_class": "caidan",
      "unicode": "e606",
      "unicode_decimal": 58886
    },
    {
      "icon_id": "1703528",
      "name": "拍照",
      "font_class": "paizhao",
      "unicode": "e643",
      "unicode_decimal": 58947
    },
    {
      "icon_id": "6364167",
      "name": "二维码",
      "font_class": "ico",
      "unicode": "e647",
      "unicode_decimal": 58951
    },
    {
      "icon_id": "12184892",
      "name": "笑脸",
      "font_class": "xiaolian",
      "unicode": "e688",
      "unicode_decimal": 59016
    }
  ]
}
